pinball_q0.05,pinball_q0.50,pinball_q0.95,pi_90_coverage,pi_90_avg_width,split,n_test
0.0009817010894910196,0.0026418516650338897,0.0008916138945929021,0.86,0.0228035602247702,1.0,500.0
0.0012691579860258566,0.0031669043024091137,0.0007952167588498853,0.898,0.027882139084089624,2.0,500.0
0.0014633135884396804,0.004190142471336313,0.0014507918921365585,0.9,0.03081955439756736,3.0,500.0
0.0010485883519066022,0.0037275667860777704,0.0010244667640260114,0.922,0.03296536556052139,4.0,500.0
0.0011821549792220534,0.005014960195044704,0.0010155557029503277,0.876,0.03573244344987916,5.0,500.0
