pinball_q0.05,pinball_q0.50,pinball_q0.95,pi_90_coverage,pi_90_avg_width,split,n_test
0.0023800109696005454,0.0052554442677519445,0.0015374733529309498,0.7857142857142857,0.03101424324583621,1.0,168.0
0.0012098991263781017,0.006216513491602464,0.0013697780245596235,0.875,0.046040647967468165,2.0,168.0
0.001026822592303334,0.00472028471194749,0.0010805804206184895,0.9107142857142857,0.038177707937962733,3.0,168.0
0.000829154886800546,0.0032451331374164665,0.0007507722019901954,0.875,0.028740208379893915,4.0,168.0
0.0009668678788587565,0.00244582437911415,0.0006618132809245286,0.875,0.021357543761448244,5.0,168.0
