pinball_q0.05,pinball_q0.50,pinball_q0.95,pi_90_coverage,pi_90_avg_width,split,n_test
0.0010576778678177093,0.0026261281975580074,0.001020568671462872,0.958,0.03876333869993687,1.0,500.0
0.0022166020014008285,0.0037490460259369234,0.0013046099909376685,0.904,0.03876333869993687,2.0,500.0
0.0019266080156456508,0.004918617099134611,0.002160871199198968,0.872,0.03876333869993687,3.0,500.0
0.0017714290804304474,0.004324165570367064,0.0014608295185808964,0.896,0.03876333869993687,4.0,500.0
0.0022530742604602774,0.005662876291410523,0.0015283766712667884,0.824,0.03876333869993687,5.0,500.0
