pinball_q0.05,pinball_q0.50,pinball_q0.95,pi_90_coverage,pi_90_avg_width,split,n_test
0.0022298024197218956,0.005238188700246156,0.0016255033019082303,0.7797619047619048,0.03168957056271827,1.0,168.0
0.0012175472420070496,0.0061747420469610275,0.0013868726212165749,0.8630952380952381,0.0471564506366447,2.0,168.0
0.0009705429012103756,0.004702754176517358,0.0011539088953264125,0.9047619047619048,0.03937459333172157,3.0,168.0
0.0008175888043691229,0.00324566891831206,0.0007628548664697839,0.875,0.029646476617499466,4.0,168.0
0.00097678775672687,0.002487464612001101,0.0006580668900036237,0.8988095238095238,0.021261056502319204,5.0,168.0
