pinball_q0.05,pinball_q0.50,pinball_q0.95,pi_90_coverage,pi_90_avg_width,split,n_test
0.001502842162728971,0.004415953254481432,0.0010294893778168685,0.875,0.0336804765393571,1.0,168.0
0.0013905937039179108,0.0037500334100688576,0.0009173032949209775,0.8928571428571429,0.03352916369952234,2.0,168.0
0.0010322227195829919,0.0052523585297739395,0.001101989328528128,0.9107142857142857,0.03692171244740508,3.0,168.0
0.0012783712507642112,0.006610192082577245,0.001380408005422085,0.9226190476190477,0.05158808507134343,4.0,168.0
0.0013618919807649977,0.0058319972316690566,0.0013182172180938282,0.9226190476190477,0.04681591767438721,5.0,168.0
