set,pinball_q0.05,pinball_q0.50,pinball_q0.95,pi_90_coverage,pi_90_avg_width
market,0.001129472175880257,0.004760806462754801,0.0012650176139397983,0.8595238095238095,0.03610677648115217
events,0.002732408800316062,0.006401556042821438,0.002026481903193519,0.794047619047619,0.03837583400309086
combined,0.001140221330276002,0.004760543202092514,0.0012439980418437351,0.8738095238095239,0.03618459910195891
