set,pinball_q0.05,pinball_q0.50,pinball_q0.95,pi_90_coverage,pi_90_avg_width
market,0.0005216117623001867,0.0018472690262109162,0.00047626470508662624,0.9084,0.015188789989244913
events,0.0006609153078380716,0.0020537554405475065,0.0006199751424168993,0.906,0.01914916784553896
combined,0.0004998120181862585,0.001791431580423697,0.00046233711114940815,0.9108,0.015066950530764869
