set,pinball_q0.05,pinball_q0.50,pinball_q0.95,pi_90_coverage,pi_90_avg_width
market,0.0006910418359286488,0.0027371162556065354,0.0006203959754759543,0.9059523809523811,0.02097707648429201
events,0.0012330687032117659,0.003144824762244293,0.0010982238330700543,0.7773809523809524,0.018638410605490208
combined,0.0006963938954127481,0.0027510839395340097,0.0006209489207831647,0.9047619047619048,0.02114794398670918
