pinball_q0.05,pinball_q0.50,pinball_q0.95,pi_90_coverage,pi_90_avg_width,split,n_test
0.0015352358311329867,0.00440639529870922,0.0010573405377555768,0.8571428571428571,0.03443462502217397,1.0,168.0
0.0013046952771726364,0.003780080634110961,0.0010215722431901944,0.8928571428571429,0.033069155817930004,2.0,168.0
0.0010593896979306547,0.005248110855671872,0.0011523974546537453,0.9047619047619048,0.03765414034491078,3.0,168.0
0.0012835378580970285,0.006680846952999347,0.0014257463525674673,0.9047619047619048,0.05124235164913677,4.0,168.0
0.0013379622131651728,0.005753022062196728,0.0013078324589834655,0.8869047619047619,0.04655965916809368,5.0,168.0
