pinball_q0.05,pinball_q0.50,pinball_q0.95,pi_90_coverage,pi_90_avg_width,split,n_test
0.0010132224561757368,0.002629165199518039,0.0009150969722564839,0.866,0.022708729302607086,1.0,500.0
0.0012559272735403117,0.003185318618619332,0.0007933800625825369,0.912,0.02831186263736848,2.0,500.0
0.0014859982995946487,0.00420148663921554,0.0014812528084489562,0.892,0.031085047164725915,3.0,500.0
0.0010317570109929855,0.0037015656079719727,0.0010063072636621805,0.914,0.03287512171070702,4.0,500.0
0.0011468177444067856,0.004972770927953956,0.0010287081797819952,0.876,0.0359203006799692,5.0,500.0
