pinball_q0.05,pinball_q0.50,pinball_q0.95,pi_90_coverage,pi_90_avg_width,split,n_test
0.0009914883547986627,0.002620307535002768,0.0009017921100622848,0.864,0.022503275979973782,1.0,500.0
0.0012841711521632921,0.0031719609238272605,0.0008060955581409435,0.906,0.028295739139206688,2.0,500.0
0.0014536074750241214,0.004192036247203888,0.0015187695140123165,0.882,0.030953690180984914,3.0,500.0
0.0010451169913785132,0.0036710986348117,0.0009982134946801972,0.934,0.03295995815217007,4.0,500.0
0.001148021782942425,0.004975833108561743,0.0010291015674117302,0.888,0.03592020289973988,5.0,500.0
