pinball_q0.05,pinball_q0.50,pinball_q0.95,pi_90_coverage,pi_90_avg_width,split,n_test
0.0016735286545800606,0.003945911494407727,0.001112437035433359,0.844,0.02855123360594271,1.0,500.0
0.0017294549139902143,0.006601596141921404,0.0017419388007334153,0.896,0.05673412560670916,2.0,500.0
0.0011222274581949112,0.003796860556702051,0.0009943348771658282,0.898,0.032890610030939425,3.0,500.0
0.0008370718201237383,0.003063981624189615,0.0008942819438749831,0.908,0.027753228353952306,4.0,500.0
0.0006047811849777498,0.002352179382727664,0.000723718795696342,0.92,0.022672797957650904,5.0,500.0
