pinball_q0.05,pinball_q0.50,pinball_q0.95,pi_90_coverage,pi_90_avg_width,split,n_test
0.0007054683280019751,0.0018657748951868046,0.0005663110071100584,0.868,0.015585787245140297,1.0,500.0
0.0006254514351954915,0.002854961479326384,0.0006229835081450208,0.924,0.02324389549803863,2.0,500.0
0.000441151359059001,0.0016876974486107637,0.0004027755499919178,0.924,0.015061896201491955,3.0,500.0
0.0004497165354981668,0.0014187126711782772,0.00043345366347295294,0.914,0.011759395499484753,4.0,500.0
0.0002772724331766585,0.0011300114078162543,0.0002861618270270911,0.924,0.009683778209668717,5.0,500.0
