set,pinball_q0.05,pinball_q0.50,pinball_q0.95,pi_90_coverage,pi_90_avg_width
market,0.0005443599611968949,0.0017890583180966133,0.00047991999648368385,0.9076000000000001,0.014651093429644196
events,0.0008330018122713225,0.0020324822561809458,0.0007182967166295721,0.9019999999999999,0.0186811164021492
combined,0.0005264061513978014,0.0017930332954883392,0.0004828887670080907,0.9044000000000001,0.014492687704409405
