set,pinball_q0.05,pinball_q0.50,pinball_q0.95,pi_90_coverage,pi_90_avg_width
market,0.0013131843635518165,0.005172106901714106,0.0011494814449563775,0.9047619047619048,0.040507071086403036
events,0.001725604327185174,0.0059118777346090085,0.0015234499235914068,0.8619047619047618,0.04858990408565012
combined,0.0012974908309087917,0.004660136490909784,0.0011101155132274762,0.894047619047619,0.03862422636757931
