pinball_q0.05,pinball_q0.50,pinball_q0.95,pi_90_coverage,pi_90_avg_width,split,n_test
0.002144873406806535,0.0054905142828684545,0.001254260347927915,0.75,0.035364215750961894,1.0,168.0
0.0011767459433239412,0.0040784570466076316,0.0011234131244157082,0.8988095238095238,0.037989339787820944,2.0,168.0
0.0013965613866797366,0.005796612529026174,0.0014104931356546963,0.8809523809523809,0.046225157758269894,3.0,168.0
0.0018623842358444147,0.0075936215439526885,0.0021373597705413127,0.8988095238095238,0.06479375836390905,4.0,168.0
0.002047456663271243,0.006600183270590093,0.0016917232394174021,0.8809523809523809,0.05857704876728883,5.0,168.0
