pinball_q0.05,pinball_q0.50,pinball_q0.95,pi_90_coverage,pi_90_avg_width,split,n_test
0.001410063949314248,0.0037717291101340596,0.001125929944707185,0.864,0.030982150629112123,1.0,500.0
0.001239366419018616,0.005749505042803208,0.001254213955338309,0.936,0.04488635884638764,2.0,500.0
0.0011094215066084223,0.003607117275161565,0.0008761629617324191,0.938,0.031677448421979636,3.0,500.0
0.0009353327800139634,0.0030513418058942523,0.0007819740271280555,0.904,0.025344383347679085,4.0,500.0
0.0005969027896447146,0.002222223612045636,0.0006433741622998011,0.932,0.021674315161733262,5.0,500.0
