pinball_q0.05,pinball_q0.50,pinball_q0.95,pi_90_coverage,pi_90_avg_width,split,n_test
0.0022501422942336905,0.005189711606947185,0.0016010477970393189,0.7738095238095238,0.032314536197281585,1.0,168.0
0.0012370228283289087,0.006273808311467545,0.0013535452318718662,0.8690476190476191,0.04701452982194501,2.0,168.0
0.0010333598270795496,0.004747730691931638,0.0011216540420004755,0.875,0.03926164213496025,3.0,168.0
0.0008125518880007744,0.0032351060798393497,0.0007635678122577532,0.8928571428571429,0.029308388771171718,4.0,168.0
0.0009817132104475669,0.0024436822718242926,0.0006221457237811025,0.8511904761904762,0.02157641854469767,5.0,168.0
