pinball_q0.05,pinball_q0.50,pinball_q0.95,pi_90_coverage,pi_90_avg_width,split,n_test
0.00215651136820059,0.004794946605994308,0.001136833887894965,0.7976190476190477,0.03130540350017551,1.0,168.0
0.0008879165839424975,0.002813203794276448,0.0007662329635187299,0.9226190476190477,0.029242261262727876,2.0,168.0
0.0009146671920895829,0.004523410117563303,0.0010326225683020061,0.9285714285714286,0.035295995247531534,3.0,168.0
0.001343362108539536,0.005964582748248737,0.00132285879579646,0.8928571428571429,0.05074808469374067,4.0,168.0
0.0011849969017717528,0.005204539188466122,0.0012920293506252197,0.9285714285714286,0.046529387133720984,5.0,168.0
