pinball_q0.05,pinball_q0.50,pinball_q0.95,pi_90_coverage,pi_90_avg_width,split,n_test
0.00046662454662722564,0.0012383585990770793,0.0004385443150361046,0.882,0.010331101429425506,1.0,500.0
0.0005854907038933064,0.0015012811606768242,0.0004238204758961842,0.92,0.013371167645993371,2.0,500.0
0.0005828735891265195,0.00191672190281343,0.0005468998288730915,0.92,0.015169600612603237,3.0,500.0
0.00044458408636384607,0.0019958237663667915,0.0005010794496123767,0.912,0.016248410857969634,4.0,500.0
0.0005524578309781094,0.0023129810485075703,0.0005040997656226962,0.888,0.017343157976055276,5.0,500.0
