set,pinball_q0.05,pinball_q0.50,pinball_q0.95,pi_90_coverage,pi_90_avg_width
market,0.0012629580096180982,0.004378007792402001,0.0010923921213901032,0.8523809523809524,0.033895103094011246
events,0.002404650016565998,0.005686246525957757,0.0019341140198840818,0.8238095238095238,0.03823387995362282
combined,0.0012424538248070626,0.00436976369080754,0.0011174413149849251,0.8642857142857142,0.033825629530180645
