pinball_q0.05,pinball_q0.50,pinball_q0.95,pi_90_coverage,pi_90_avg_width,split,n_test
0.0015438645854184893,0.004401245987678014,0.0010613808883906447,0.8630952380952381,0.03415202261913551,1.0,168.0
0.0013089249683682408,0.0037729465695073546,0.0009957632680898895,0.8928571428571429,0.032719792652513124,2.0,168.0
0.0010553059956752496,0.005240553412705429,0.0011711670980940406,0.9166666666666666,0.03781006980137975,3.0,168.0
0.0012867456462237242,0.006827299868191051,0.00143379544182857,0.9107142857142857,0.05149245180152177,4.0,168.0
0.0013424326604411065,0.005794790740254753,0.0013317273271757698,0.9047619047619048,0.047311558253679706,5.0,168.0
