set,pinball_q0.05,pinball_q0.50,pinball_q0.95,pi_90_coverage,pi_90_avg_width
market,0.0012030885951917203,0.0037547288373964522,0.0010614305794278626,0.8916000000000001,0.030132078515302092
events,0.0018450782451509828,0.004256166636881426,0.0014950512102894387,0.8907999999999999,0.03876333869993687
combined,0.0011889831990170424,0.003748285083980358,0.001035529002511137,0.8912000000000001,0.030040612543365548
