pinball_q0.05,pinball_q0.50,pinball_q0.95,pi_90_coverage,pi_90_avg_width,split,n_test
0.0009055336834820721,0.002275556414377599,0.0006391346263695832,0.8869047619047619,0.018638410605490208,1.0,168.0
0.0007202595935233957,0.002036163752363188,0.0006231482469676413,0.9047619047619048,0.018638410605490208,2.0,168.0
0.0008135615718814183,0.002867924540729282,0.000730645641651727,0.8452380952380952,0.018638410605490208,3.0,168.0
0.0018996359863417166,0.004519515115350083,0.0019040308591852934,0.5773809523809523,0.018638410605490208,4.0,168.0
0.0018263526808302269,0.004024963988401313,0.001594159791176027,0.6726190476190477,0.018638410605490208,5.0,168.0
