pinball_q0.05,pinball_q0.50,pinball_q0.95,pi_90_coverage,pi_90_avg_width,split,n_test
0.0004703507442898734,0.0012458929659952358,0.00043714874046980423,0.892,0.010331688535209924,1.0,500.0
0.0006025478676927562,0.0015187428794676808,0.0004232736905177985,0.92,0.013710304096458093,2.0,500.0
0.0006110072044777926,0.0019274231693347352,0.0005409104418085398,0.914,0.015428556962529408,3.0,500.0
0.00047572273079538697,0.002014212005719318,0.00048407948781641064,0.914,0.01636694221983645,4.0,500.0
0.0005704364036625852,0.002289081880593562,0.0005027261617224195,0.89,0.017425905939668036,5.0,500.0
