set,pinball_q0.05,pinball_q0.50,pinball_q0.95,pi_90_coverage,pi_90_avg_width
market,0.0010582174889199928,0.003680383369207744,0.000936331010241154,0.9148,0.03091293128137835
events,0.0011934128063733349,0.003952105839989692,0.0010933422905807853,0.8932,0.0337203991110389
combined,0.0009442067688845354,0.0034655014725885613,0.0008822366132466014,0.908,0.02931084560655122
