pinball_q0.05,pinball_q0.50,pinball_q0.95,pi_90_coverage,pi_90_avg_width,split,n_test
0.00046855451546669297,0.0012393829121593257,0.0004379388366399958,0.88,0.010256095496833862,1.0,500.0
0.0005731836565240003,0.0015045080618779872,0.0004328686622033334,0.934,0.01366501137562229,2.0,500.0
0.0006216677023807722,0.001908482825679787,0.0005470642482774869,0.932,0.015467681977525339,3.0,500.0
0.0004845519002346258,0.0019954180222624303,0.0004898876902739403,0.9,0.016347548373740004,4.0,500.0
0.0005738420313783833,0.0022974997685035366,0.0004918405450236629,0.892,0.017519129924499485,5.0,500.0
