pinball_q0.05,pinball_q0.50,pinball_q0.95,pi_90_coverage,pi_90_avg_width,split,n_test
0.0007138960434153752,0.0018939324680290756,0.0006635568179475666,0.916,0.020354805272560356,1.0,500.0
0.0009611325708438885,0.0036138029588669886,0.0009666918227900379,0.896,0.029673248098330936,2.0,500.0
0.0007146940209800383,0.0019207732042116738,0.0005273085495512983,0.888,0.018911421952836117,3.0,500.0
0.0005529619035030073,0.0015857558531470538,0.0005477502763803056,0.904,0.014217114645958852,4.0,500.0
0.0003618920004480487,0.0012545127184827392,0.000394568245415288,0.926,0.012589249258008537,5.0,500.0
