pinball_q0.05,pinball_q0.50,pinball_q0.95,pi_90_coverage,pi_90_avg_width,split,n_test
0.0004581854037577292,0.0012465846796122586,0.00042907262537012414,0.892,0.010476973297802257,1.0,500.0
0.0005805795722723929,0.0015256628756742225,0.00044783602816535006,0.928,0.013593883616637208,2.0,500.0
0.0005948998993757175,0.0019202291137520625,0.0005488426716271696,0.912,0.015339130884594706,3.0,500.0
0.0004809833522032472,0.0020071982682478766,0.0004902551597157126,0.906,0.016361930309489247,4.0,500.0
0.0005432491536442259,0.0023025427352306054,0.0005097521455073426,0.904,0.01737746433877778,5.0,500.0
