pinball_q0.05,pinball_q0.50,pinball_q0.95,pi_90_coverage,pi_90_avg_width,split,n_test
0.0009354355294153552,0.002262131488912274,0.0006817882318097086,0.8630952380952381,0.01661550682632696,1.0,168.0
0.0004492879877621624,0.0018130555639899169,0.00042867169431463605,0.9285714285714286,0.015991164098335713,2.0,168.0
0.0005100421640290706,0.0025234128703507533,0.0005184516741155701,0.9047619047619048,0.019021999726256015,3.0,168.0
0.0007902209499975118,0.003643061226961947,0.0007604078169555612,0.9404761904761905,0.028348729315096546,4.0,168.0
0.0007702225484391439,0.003443920127817786,0.0007126604601842958,0.8928571428571429,0.024907982455444816,5.0,168.0
