pinball_q0.05,pinball_q0.50,pinball_q0.95,pi_90_coverage,pi_90_avg_width,split,n_test
0.0014100521909529112,0.003977943656267374,0.0011652147653292723,0.85,0.029833377301294605,1.0,500.0
0.0011780314744164718,0.005184588443269856,0.001146678986858849,0.928,0.043603888440989516,2.0,500.0
0.0008676086191116445,0.0033513779324647083,0.0008405162942544817,0.922,0.03011156825939482,3.0,500.0
0.0007849460618005722,0.0028316218461479146,0.0006940096504064675,0.906,0.023952938383989035,4.0,500.0
0.0004803954981410777,0.001981975484792952,0.0005647633693839357,0.934,0.019052455647088122,5.0,500.0
