pinball_q0.05,pinball_q0.50,pinball_q0.95,pi_90_coverage,pi_90_avg_width,split,n_test
0.0006858036731529862,0.0018662004418594962,0.0005766414751312845,0.856,0.014579721131389395,1.0,500.0
0.0006976790296697904,0.0030782520102901273,0.0006563140076006204,0.906,0.023763749200531918,2.0,500.0
0.0004893649807358703,0.0017204896504571887,0.00040834631344096846,0.94,0.015324593835027597,3.0,500.0
0.00044254135134371667,0.001424929160945649,0.00044984895145821656,0.928,0.01222579902848336,4.0,500.0
0.0002926697765985693,0.0011464738675021193,0.0002901727778020413,0.912,0.010050086750792293,5.0,500.0
