set,pinball_q0.05,pinball_q0.50,pinball_q0.95,pi_90_coverage,pi_90_avg_width
market,0.0013074547712253622,0.0052073673156673205,0.0011987668047157827,0.8976190476190476,0.04069717902564597
events,0.002486517762706984,0.006165243463167667,0.001914117741114171,0.8023809523809524,0.03866962343454361
combined,0.001304164175499696,0.005173691160737625,0.0011929778094300898,0.8892857142857142,0.040591986400449045
