pinball_q0.05,pinball_q0.50,pinball_q0.95,pi_90_coverage,pi_90_avg_width,split,n_test
0.002037611407919171,0.005290784663566357,0.0015759564987724,0.8511904761904762,0.03823387995362282,1.0,168.0
0.003933088164353501,0.009001980137348759,0.0033759690106229348,0.6666666666666666,0.03823387995362282,2.0,168.0
0.0032304013334380805,0.00649049071975631,0.001878910511275296,0.7916666666666666,0.03823387995362282,3.0,168.0
0.0013444570105432903,0.004220090266672358,0.0015126611680862953,0.875,0.03823387995362282,4.0,168.0
0.0014776921665759482,0.0034278868424450037,0.0013270729106634844,0.9345238095238095,0.03823387995362282,5.0,168.0
