pinball_q0.05,pinball_q0.50,pinball_q0.95,pi_90_coverage,pi_90_avg_width,split,n_test
0.001310538734165659,0.004501553698918694,0.0011370534532915376,0.9226190476190477,0.03866962343454361,1.0,168.0
0.0017028779897431952,0.004326041331218823,0.001489676921853043,0.8988095238095238,0.03866962343454361,2.0,168.0
0.0016913159691881287,0.005909440508320396,0.0016612789525891644,0.8273809523809523,0.03866962343454361,3.0,168.0
0.004391839588549877,0.008913650337830183,0.0031928833203695175,0.6190476190476191,0.03866962343454361,4.0,168.0
0.003336016531888062,0.007175531439550244,0.0020896960574675917,0.7440476190476191,0.03866962343454361,5.0,168.0
