set,pinball_q0.05,pinball_q0.50,pinball_q0.95,pi_90_coverage,pi_90_avg_width
market,0.0011844811512614027,0.0037262472898814715,0.0010507944488614945,0.8948,0.03012657327041507
events,0.0018450782451509828,0.004256166636881426,0.0014950512102894387,0.8907999999999999,0.03876333869993687
combined,0.0011867445569420938,0.0037380613986557677,0.0010449490573464307,0.892,0.030180212299075544
