pinball_q0.05,pinball_q0.50,pinball_q0.95,pi_90_coverage,pi_90_avg_width,split,n_test
0.0009312554293423154,0.002257219308973487,0.0006763704062678894,0.8690476190476191,0.016741607312690483,1.0,168.0
0.00045274366671362926,0.0018429353217935805,0.000419922782914945,0.9107142857142857,0.016143682060466374,2.0,168.0
0.0005170807866096694,0.00253498102930533,0.0005104750759992036,0.9107142857142857,0.019116651256492596,3.0,168.0
0.0008203868602245428,0.003643584673153957,0.0007635799063300563,0.9345238095238095,0.02868062708994971,4.0,168.0
0.0007605027341735837,0.0034766993644436933,0.0007343964324037296,0.8988095238095238,0.025057152213946717,5.0,168.0
