pinball_q0.05,pinball_q0.50,pinball_q0.95,pi_90_coverage,pi_90_avg_width,split,n_test
0.0005641377081344664,0.0012475817224416473,0.0005162011798963124,0.968,0.0186811164021492,1.0,500.0
0.0008856588589163763,0.0017303015945935132,0.0006686328574380313,0.926,0.0186811164021492,2.0,500.0
0.0008401916087804102,0.00220775629331091,0.0008618612620512624,0.92,0.0186811164021492,3.0,500.0
0.0008933535279946796,0.00234427453320588,0.0007744000622215409,0.87,0.0186811164021492,4.0,500.0
0.00098166735753068,0.0026324971373527803,0.0007703882215407131,0.826,0.0186811164021492,5.0,500.0
