set,pinball_q0.05,pinball_q0.50,pinball_q0.95,pi_90_coverage,pi_90_avg_width
market,0.0005315794762506626,0.001800443534503405,0.0004851517260771398,0.9084000000000001,0.01462987648946024
events,0.0008330018122713225,0.0020324822561809458,0.0007182967166295721,0.9019999999999999,0.0186811164021492
combined,0.0005460129901836789,0.0017990705802221063,0.00047762770446699456,0.906,0.014652679550740382
