pinball_q0.05,pinball_q0.50,pinball_q0.95,pi_90_coverage,pi_90_avg_width,split,n_test
0.0016780831842909752,0.004593401131573106,0.0019760372293486923,0.7440476190476191,0.026360367792059986,1.0,168.0
0.0007421089180530687,0.003490156538036048,0.0008549941641169846,0.9404761904761905,0.030820657767282704,2.0,168.0
0.0011900441367659988,0.004403969329105441,0.0007854757907291476,0.9107142857142857,0.03740885030377002,3.0,168.0
0.0009564291978450578,0.006729551184963141,0.0015990543142770728,0.8392857142857143,0.04680286588735966,4.0,168.0
0.001080695442446184,0.004586954130096267,0.0011095265712270936,0.8630952380952381,0.03914114065528846,5.0,168.0
