pinball_q0.05,pinball_q0.50,pinball_q0.95,pi_90_coverage,pi_90_avg_width,split,n_test
0.001451515047809383,0.0044324867503262155,0.0015836919819108319,0.8928571428571429,0.03837583400309086,1.0,168.0
0.0019363049652578747,0.005044384393127044,0.001115368144807174,0.875,0.03837583400309086,2.0,168.0
0.0018298750047536293,0.007056916218524511,0.0033014634596183904,0.7261904761904762,0.03837583400309086,3.0,168.0
0.00517608797430278,0.008965013277652038,0.0023529671352331975,0.6607142857142857,0.03837583400309086,4.0,168.0
0.003268261009456643,0.006508979574477385,0.0017789187943979992,0.8154761904761905,0.03837583400309086,5.0,168.0
