pinball_q0.05,pinball_q0.50,pinball_q0.95,pi_90_coverage,pi_90_avg_width,split,n_test
0.0016661418686569525,0.004579622599834884,0.0018936966867441176,0.7440476190476191,0.026442885399843012,1.0,168.0
0.0007357903504549741,0.0034579728465181925,0.0008579312751931678,0.9226190476190477,0.031173566143123187,2.0,168.0
0.001219216386181546,0.004434172772707304,0.0007619365617449232,0.9047619047619048,0.037789339562590105,3.0,168.0
0.0010319259891288456,0.00675968882270954,0.0015951239978755291,0.8928571428571429,0.0471585176334307,4.0,168.0
0.0010480320569576918,0.00457125896869265,0.0011113016876609383,0.9047619047619048,0.038358686770807525,5.0,168.0
