pinball_q0.05,pinball_q0.50,pinball_q0.95,pi_90_coverage,pi_90_avg_width,split,n_test
0.001000901920548489,0.0026314974924660913,0.0009019324417938501,0.862,0.022710731387845115,1.0,500.0
0.0013565148754538185,0.0031577026582966655,0.0008024739641452937,0.898,0.0282944594754531,2.0,500.0
0.001494292086256957,0.004205749188117136,0.0015321036553880103,0.89,0.030752713178237415,3.0,500.0
0.0010123217323875894,0.003749679718812569,0.0010188341751026456,0.918,0.032880668527662194,4.0,500.0
0.001151412361311747,0.005029015129289799,0.0010518086607095136,0.89,0.03602182000731263,5.0,500.0
